spot_id,patient_id,region
PAT002_SPOT_00_00,PAT002-BC-2026,adipose
PAT002_SPOT_00_01,PAT002-BC-2026,adipose
PAT002_SPOT_00_02,PAT002-BC-2026,adipose
PAT002_SPOT_00_03,PAT002-BC-2026,adipose
PAT002_SPOT_00_04,PAT002-BC-2026,adipose
PAT002_SPOT_00_05,PAT002-BC-2026,adipose
PAT002_SPOT_00_06,PAT002-BC-2026,adipose
PAT002_SPOT_00_07,PAT002-BC-2026,adipose
PAT002_SPOT_00_08,PAT002-BC-2026,adipose
PAT002_SPOT_00_09,PAT002-BC-2026,adipose
PAT002_SPOT_00_10,PAT002-BC-2026,adipose
PAT002_SPOT_00_11,PAT002-BC-2026,adipose
PAT002_SPOT_00_12,PAT002-BC-2026,adipose
PAT002_SPOT_00_13,PAT002-BC-2026,adipose
PAT002_SPOT_00_14,PAT002-BC-2026,adipose
PAT002_SPOT_00_15,PAT002-BC-2026,adipose
PAT002_SPOT_00_16,PAT002-BC-2026,adipose
PAT002_SPOT_00_17,PAT002-BC-2026,adipose
PAT002_SPOT_00_18,PAT002-BC-2026,adipose
PAT002_SPOT_00_19,PAT002-BC-2026,adipose
PAT002_SPOT_00_20,PAT002-BC-2026,adipose
PAT002_SPOT_00_21,PAT002-BC-2026,adipose
PAT002_SPOT_00_22,PAT002-BC-2026,adipose
PAT002_SPOT_00_23,PAT002-BC-2026,adipose
PAT002_SPOT_00_24,PAT002-BC-2026,adipose
PAT002_SPOT_00_25,PAT002-BC-2026,adipose
PAT002_SPOT_00_26,PAT002-BC-2026,adipose
PAT002_SPOT_00_27,PAT002-BC-2026,adipose
PAT002_SPOT_00_28,PAT002-BC-2026,adipose
PAT002_SPOT_00_29,PAT002-BC-2026,adipose
PAT002_SPOT_01_00,PAT002-BC-2026,adipose
PAT002_SPOT_01_01,PAT002-BC-2026,adipose
PAT002_SPOT_01_02,PAT002-BC-2026,adipose
PAT002_SPOT_01_03,PAT002-BC-2026,adipose
PAT002_SPOT_01_04,PAT002-BC-2026,adipose
PAT002_SPOT_01_05,PAT002-BC-2026,adipose
PAT002_SPOT_01_06,PAT002-BC-2026,adipose
PAT002_SPOT_01_07,PAT002-BC-2026,adipose
PAT002_SPOT_01_08,PAT002-BC-2026,adipose
PAT002_SPOT_01_09,PAT002-BC-2026,adipose
PAT002_SPOT_01_10,PAT002-BC-2026,adipose
PAT002_SPOT_01_11,PAT002-BC-2026,adipose
PAT002_SPOT_01_12,PAT002-BC-2026,adipose
PAT002_SPOT_01_13,PAT002-BC-2026,adipose
PAT002_SPOT_01_14,PAT002-BC-2026,adipose
PAT002_SPOT_01_15,PAT002-BC-2026,adipose
PAT002_SPOT_01_16,PAT002-BC-2026,adipose
PAT002_SPOT_01_17,PAT002-BC-2026,adipose
PAT002_SPOT_01_18,PAT002-BC-2026,adipose
PAT002_SPOT_01_19,PAT002-BC-2026,adipose
PAT002_SPOT_01_20,PAT002-BC-2026,adipose
PAT002_SPOT_01_21,PAT002-BC-2026,adipose
PAT002_SPOT_01_22,PAT002-BC-2026,adipose
PAT002_SPOT_01_23,PAT002-BC-2026,adipose
PAT002_SPOT_01_24,PAT002-BC-2026,adipose
PAT002_SPOT_01_25,PAT002-BC-2026,adipose
PAT002_SPOT_01_26,PAT002-BC-2026,adipose
PAT002_SPOT_01_27,PAT002-BC-2026,adipose
PAT002_SPOT_01_28,PAT002-BC-2026,adipose
PAT002_SPOT_01_29,PAT002-BC-2026,adipose
PAT002_SPOT_02_00,PAT002-BC-2026,adipose
PAT002_SPOT_02_01,PAT002-BC-2026,adipose
PAT002_SPOT_02_02,PAT002-BC-2026,adipose
PAT002_SPOT_02_03,PAT002-BC-2026,adipose
PAT002_SPOT_02_04,PAT002-BC-2026,adipose
PAT002_SPOT_02_05,PAT002-BC-2026,adipose
PAT002_SPOT_02_06,PAT002-BC-2026,adipose
PAT002_SPOT_02_07,PAT002-BC-2026,adipose
PAT002_SPOT_02_08,PAT002-BC-2026,adipose
PAT002_SPOT_02_09,PAT002-BC-2026,adipose
PAT002_SPOT_02_10,PAT002-BC-2026,stroma
PAT002_SPOT_02_11,PAT002-BC-2026,immune_infiltrate
PAT002_SPOT_02_12,PAT002-BC-2026,stroma
PAT002_SPOT_02_13,PAT002-BC-2026,stroma
PAT002_SPOT_02_14,PAT002-BC-2026,immune_infiltrate
PAT002_SPOT_02_15,PAT002-BC-2026,stroma
PAT002_SPOT_02_16,PAT002-BC-2026,immune_infiltrate
PAT002_SPOT_02_17,PAT002-BC-2026,stroma
PAT002_SPOT_02_18,PAT002-BC-2026,stroma
PAT002_SPOT_02_19,PAT002-BC-2026,stroma
PAT002_SPOT_02_20,PAT002-BC-2026,immune_infiltrate
PAT002_SPOT_02_21,PAT002-BC-2026,adipose
PAT002_SPOT_02_22,PAT002-BC-2026,adipose
PAT002_SPOT_02_23,PAT002-BC-2026,adipose
PAT002_SPOT_02_24,PAT002-BC-2026,adipose
PAT002_SPOT_02_25,PAT002-BC-2026,adipose
PAT002_SPOT_02_26,PAT002-BC-2026,adipose
PAT002_SPOT_02_27,PAT002-BC-2026,adipose
PAT002_SPOT_02_28,PAT002-BC-2026,adipose
PAT002_SPOT_02_29,PAT002-BC-2026,adipose
PAT002_SPOT_03_00,PAT002-BC-2026,adipose
PAT002_SPOT_03_01,PAT002-BC-2026,adipose
PAT002_SPOT_03_02,PAT002-BC-2026,adipose
PAT002_SPOT_03_03,PAT002-BC-2026,adipose
PAT002_SPOT_03_04,PAT002-BC-2026,adipose
PAT002_SPOT_03_05,PAT002-BC-2026,adipose
PAT002_SPOT_03_06,PAT002-BC-2026,adipose
PAT002_SPOT_03_07,PAT002-BC-2026,adipose
PAT002_SPOT_03_08,PAT002-BC-2026,immune_infiltrate
PAT002_SPOT_03_09,PAT002-BC-2026,stroma
PAT002_SPOT_03_10,PAT002-BC-2026,stroma
PAT002_SPOT_03_11,PAT002-BC-2026,stroma
PAT002_SPOT_03_12,PAT002-BC-2026,immune_infiltrate
PAT002_SPOT_03_13,PAT002-BC-2026,immune_infiltrate
PAT002_SPOT_03_14,PAT002-BC-2026,stroma
PAT002_SPOT_03_15,PAT002-BC-2026,stroma
PAT002_SPOT_03_16,PAT002-BC-2026,immune_infiltrate
PAT002_SPOT_03_17,PAT002-BC-2026,stroma
PAT002_SPOT_03_18,PAT002-BC-2026,stroma
PAT002_SPOT_03_19,PAT002-BC-2026,immune_infiltrate
PAT002_SPOT_03_20,PAT002-BC-2026,stroma
PAT002_SPOT_03_21,PAT002-BC-2026,stroma
PAT002_SPOT_03_22,PAT002-BC-2026,stroma
PAT002_SPOT_03_23,PAT002-BC-2026,adipose
PAT002_SPOT_03_24,PAT002-BC-2026,adipose
PAT002_SPOT_03_25,PAT002-BC-2026,adipose
PAT002_SPOT_03_26,PAT002-BC-2026,adipose
PAT002_SPOT_03_27,PAT002-BC-2026,adipose
PAT002_SPOT_03_28,PAT002-BC-2026,adipose
PAT002_SPOT_03_29,PAT002-BC-2026,adipose
PAT002_SPOT_04_00,PAT002-BC-2026,adipose
PAT002_SPOT_04_01,PAT002-BC-2026,adipose
PAT002_SPOT_04_02,PAT002-BC-2026,adipose
PAT002_SPOT_04_03,PAT002-BC-2026,adipose
PAT002_SPOT_04_04,PAT002-BC-2026,adipose
PAT002_SPOT_04_05,PAT002-BC-2026,adipose
PAT002_SPOT_04_06,PAT002-BC-2026,adipose
PAT002_SPOT_04_07,PAT002-BC-2026,stroma
PAT002_SPOT_04_08,PAT002-BC-2026,stroma
PAT002_SPOT_04_09,PAT002-BC-2026,stroma
PAT002_SPOT_04_10,PAT002-BC-2026,stroma
PAT002_SPOT_04_11,PAT002-BC-2026,stroma
PAT002_SPOT_04_12,PAT002-BC-2026,stroma
PAT002_SPOT_04_13,PAT002-BC-2026,stroma
PAT002_SPOT_04_14,PAT002-BC-2026,stroma
PAT002_SPOT_04_15,PAT002-BC-2026,immune_infiltrate
PAT002_SPOT_04_16,PAT002-BC-2026,stroma
PAT002_SPOT_04_17,PAT002-BC-2026,immune_infiltrate
PAT002_SPOT_04_18,PAT002-BC-2026,stroma
PAT002_SPOT_04_19,PAT002-BC-2026,stroma
PAT002_SPOT_04_20,PAT002-BC-2026,immune_infiltrate
PAT002_SPOT_04_21,PAT002-BC-2026,immune_infiltrate
PAT002_SPOT_04_22,PAT002-BC-2026,immune_infiltrate
PAT002_SPOT_04_23,PAT002-BC-2026,stroma
PAT002_SPOT_04_24,PAT002-BC-2026,adipose
PAT002_SPOT_04_25,PAT002-BC-2026,adipose
PAT002_SPOT_04_26,PAT002-BC-2026,adipose
PAT002_SPOT_04_27,PAT002-BC-2026,adipose
PAT002_SPOT_04_28,PAT002-BC-2026,adipose
PAT002_SPOT_04_29,PAT002-BC-2026,adipose
PAT002_SPOT_05_00,PAT002-BC-2026,adipose
PAT002_SPOT_05_01,PAT002-BC-2026,adipose
PAT002_SPOT_05_02,PAT002-BC-2026,adipose
PAT002_SPOT_05_03,PAT002-BC-2026,adipose
PAT002_SPOT_05_04,PAT002-BC-2026,adipose
PAT002_SPOT_05_05,PAT002-BC-2026,normal_epithelium
PAT002_SPOT_05_06,PAT002-BC-2026,stroma
PAT002_SPOT_05_07,PAT002-BC-2026,immune_infiltrate
PAT002_SPOT_05_08,PAT002-BC-2026,stroma
PAT002_SPOT_05_09,PAT002-BC-2026,stroma
PAT002_SPOT_05_10,PAT002-BC-2026,immune_infiltrate
PAT002_SPOT_05_11,PAT002-BC-2026,stroma
PAT002_SPOT_05_12,PAT002-BC-2026,stroma
PAT002_SPOT_05_13,PAT002-BC-2026,immune_infiltrate
PAT002_SPOT_05_14,PAT002-BC-2026,stroma
PAT002_SPOT_05_15,PAT002-BC-2026,immune_infiltrate
PAT002_SPOT_05_16,PAT002-BC-2026,immune_infiltrate
PAT002_SPOT_05_17,PAT002-BC-2026,stroma
PAT002_SPOT_05_18,PAT002-BC-2026,stroma
PAT002_SPOT_05_19,PAT002-BC-2026,immune_infiltrate
PAT002_SPOT_05_20,PAT002-BC-2026,immune_infiltrate
PAT002_SPOT_05_21,PAT002-BC-2026,stroma
PAT002_SPOT_05_22,PAT002-BC-2026,stroma
PAT002_SPOT_05_23,PAT002-BC-2026,stroma
PAT002_SPOT_05_24,PAT002-BC-2026,immune_infiltrate
PAT002_SPOT_05_25,PAT002-BC-2026,normal_epithelium
PAT002_SPOT_05_26,PAT002-BC-2026,adipose
PAT002_SPOT_05_27,PAT002-BC-2026,adipose
PAT002_SPOT_05_28,PAT002-BC-2026,adipose
PAT002_SPOT_05_29,PAT002-BC-2026,adipose
PAT002_SPOT_06_00,PAT002-BC-2026,adipose
PAT002_SPOT_06_01,PAT002-BC-2026,adipose
PAT002_SPOT_06_02,PAT002-BC-2026,adipose
PAT002_SPOT_06_03,PAT002-BC-2026,adipose
PAT002_SPOT_06_04,PAT002-BC-2026,adipose
PAT002_SPOT_06_05,PAT002-BC-2026,immune_infiltrate
PAT002_SPOT_06_06,PAT002-BC-2026,immune_infiltrate
PAT002_SPOT_06_07,PAT002-BC-2026,immune_infiltrate
PAT002_SPOT_06_08,PAT002-BC-2026,immune_infiltrate
PAT002_SPOT_06_09,PAT002-BC-2026,stroma
PAT002_SPOT_06_10,PAT002-BC-2026,stroma
PAT002_SPOT_06_11,PAT002-BC-2026,tumor_core
PAT002_SPOT_06_12,PAT002-BC-2026,tumor_core
PAT002_SPOT_06_13,PAT002-BC-2026,tumor_core
PAT002_SPOT_06_14,PAT002-BC-2026,tumor_core
PAT002_SPOT_06_15,PAT002-BC-2026,tumor_core
PAT002_SPOT_06_16,PAT002-BC-2026,tumor_core
PAT002_SPOT_06_17,PAT002-BC-2026,tumor_core
PAT002_SPOT_06_18,PAT002-BC-2026,tumor_core
PAT002_SPOT_06_19,PAT002-BC-2026,tumor_core
PAT002_SPOT_06_20,PAT002-BC-2026,stroma
PAT002_SPOT_06_21,PAT002-BC-2026,immune_infiltrate
PAT002_SPOT_06_22,PAT002-BC-2026,stroma
PAT002_SPOT_06_23,PAT002-BC-2026,stroma
PAT002_SPOT_06_24,PAT002-BC-2026,immune_infiltrate
PAT002_SPOT_06_25,PAT002-BC-2026,stroma
PAT002_SPOT_06_26,PAT002-BC-2026,adipose
PAT002_SPOT_06_27,PAT002-BC-2026,adipose
PAT002_SPOT_06_28,PAT002-BC-2026,adipose
PAT002_SPOT_06_29,PAT002-BC-2026,adipose
PAT002_SPOT_07_00,PAT002-BC-2026,adipose
PAT002_SPOT_07_01,PAT002-BC-2026,adipose
PAT002_SPOT_07_02,PAT002-BC-2026,adipose
PAT002_SPOT_07_03,PAT002-BC-2026,adipose
PAT002_SPOT_07_04,PAT002-BC-2026,immune_infiltrate
PAT002_SPOT_07_05,PAT002-BC-2026,stroma
PAT002_SPOT_07_06,PAT002-BC-2026,immune_infiltrate
PAT002_SPOT_07_07,PAT002-BC-2026,stroma
PAT002_SPOT_07_08,PAT002-BC-2026,stroma
PAT002_SPOT_07_09,PAT002-BC-2026,immune_infiltrate
PAT002_SPOT_07_10,PAT002-BC-2026,tumor_core
PAT002_SPOT_07_11,PAT002-BC-2026,tumor_core
PAT002_SPOT_07_12,PAT002-BC-2026,tumor_core
PAT002_SPOT_07_13,PAT002-BC-2026,tumor_core
PAT002_SPOT_07_14,PAT002-BC-2026,tumor_core
PAT002_SPOT_07_15,PAT002-BC-2026,tumor_core
PAT002_SPOT_07_16,PAT002-BC-2026,tumor_core
PAT002_SPOT_07_17,PAT002-BC-2026,tumor_core
PAT002_SPOT_07_18,PAT002-BC-2026,tumor_core
PAT002_SPOT_07_19,PAT002-BC-2026,tumor_core
PAT002_SPOT_07_20,PAT002-BC-2026,tumor_core
PAT002_SPOT_07_21,PAT002-BC-2026,immune_infiltrate
PAT002_SPOT_07_22,PAT002-BC-2026,stroma
PAT002_SPOT_07_23,PAT002-BC-2026,stroma
PAT002_SPOT_07_24,PAT002-BC-2026,immune_infiltrate
PAT002_SPOT_07_25,PAT002-BC-2026,immune_infiltrate
PAT002_SPOT_07_26,PAT002-BC-2026,immune_infiltrate
PAT002_SPOT_07_27,PAT002-BC-2026,adipose
PAT002_SPOT_07_28,PAT002-BC-2026,adipose
PAT002_SPOT_07_29,PAT002-BC-2026,adipose
PAT002_SPOT_08_00,PAT002-BC-2026,adipose
PAT002_SPOT_08_01,PAT002-BC-2026,adipose
PAT002_SPOT_08_02,PAT002-BC-2026,adipose
PAT002_SPOT_08_03,PAT002-BC-2026,immune_infiltrate
PAT002_SPOT_08_04,PAT002-BC-2026,stroma
PAT002_SPOT_08_05,PAT002-BC-2026,stroma
PAT002_SPOT_08_06,PAT002-BC-2026,stroma
PAT002_SPOT_08_07,PAT002-BC-2026,stroma
PAT002_SPOT_08_08,PAT002-BC-2026,tumor_core
PAT002_SPOT_08_09,PAT002-BC-2026,tumor_core
PAT002_SPOT_08_10,PAT002-BC-2026,tumor_core
PAT002_SPOT_08_11,PAT002-BC-2026,tumor_core
PAT002_SPOT_08_12,PAT002-BC-2026,tumor_core
PAT002_SPOT_08_13,PAT002-BC-2026,tumor_core
PAT002_SPOT_08_14,PAT002-BC-2026,tumor_core
PAT002_SPOT_08_15,PAT002-BC-2026,tumor_core
PAT002_SPOT_08_16,PAT002-BC-2026,tumor_core
PAT002_SPOT_08_17,PAT002-BC-2026,tumor_core
PAT002_SPOT_08_18,PAT002-BC-2026,tumor_core
PAT002_SPOT_08_19,PAT002-BC-2026,tumor_core
PAT002_SPOT_08_20,PAT002-BC-2026,tumor_core
PAT002_SPOT_08_21,PAT002-BC-2026,tumor_core
PAT002_SPOT_08_22,PAT002-BC-2026,tumor_core
PAT002_SPOT_08_23,PAT002-BC-2026,immune_infiltrate
PAT002_SPOT_08_24,PAT002-BC-2026,immune_infiltrate
PAT002_SPOT_08_25,PAT002-BC-2026,immune_infiltrate
PAT002_SPOT_08_26,PAT002-BC-2026,immune_infiltrate
PAT002_SPOT_08_27,PAT002-BC-2026,stroma
PAT002_SPOT_08_28,PAT002-BC-2026,adipose
PAT002_SPOT_08_29,PAT002-BC-2026,adipose
PAT002_SPOT_09_00,PAT002-BC-2026,adipose
PAT002_SPOT_09_01,PAT002-BC-2026,adipose
PAT002_SPOT_09_02,PAT002-BC-2026,adipose
PAT002_SPOT_09_03,PAT002-BC-2026,stroma
PAT002_SPOT_09_04,PAT002-BC-2026,stroma
PAT002_SPOT_09_05,PAT002-BC-2026,stroma
PAT002_SPOT_09_06,PAT002-BC-2026,stroma
PAT002_SPOT_09_07,PAT002-BC-2026,stroma
PAT002_SPOT_09_08,PAT002-BC-2026,tumor_core
PAT002_SPOT_09_09,PAT002-BC-2026,tumor_core
PAT002_SPOT_09_10,PAT002-BC-2026,tumor_core
PAT002_SPOT_09_11,PAT002-BC-2026,tumor_core
PAT002_SPOT_09_12,PAT002-BC-2026,tumor_core
PAT002_SPOT_09_13,PAT002-BC-2026,tumor_core
PAT002_SPOT_09_14,PAT002-BC-2026,tumor_core
PAT002_SPOT_09_15,PAT002-BC-2026,tumor_core
PAT002_SPOT_09_16,PAT002-BC-2026,tumor_core
PAT002_SPOT_09_17,PAT002-BC-2026,tumor_core
PAT002_SPOT_09_18,PAT002-BC-2026,tumor_core
PAT002_SPOT_09_19,PAT002-BC-2026,tumor_core
PAT002_SPOT_09_20,PAT002-BC-2026,tumor_core
PAT002_SPOT_09_21,PAT002-BC-2026,tumor_core
PAT002_SPOT_09_22,PAT002-BC-2026,tumor_core
PAT002_SPOT_09_23,PAT002-BC-2026,immune_infiltrate
PAT002_SPOT_09_24,PAT002-BC-2026,stroma
PAT002_SPOT_09_25,PAT002-BC-2026,stroma
PAT002_SPOT_09_26,PAT002-BC-2026,stroma
PAT002_SPOT_09_27,PAT002-BC-2026,immune_infiltrate
PAT002_SPOT_09_28,PAT002-BC-2026,adipose
PAT002_SPOT_09_29,PAT002-BC-2026,adipose
PAT002_SPOT_10_00,PAT002-BC-2026,adipose
PAT002_SPOT_10_01,PAT002-BC-2026,adipose
PAT002_SPOT_10_02,PAT002-BC-2026,stroma
PAT002_SPOT_10_03,PAT002-BC-2026,immune_infiltrate
PAT002_SPOT_10_04,PAT002-BC-2026,stroma
PAT002_SPOT_10_05,PAT002-BC-2026,stroma
PAT002_SPOT_10_06,PAT002-BC-2026,stroma
PAT002_SPOT_10_07,PAT002-BC-2026,tumor_core
PAT002_SPOT_10_08,PAT002-BC-2026,tumor_core
PAT002_SPOT_10_09,PAT002-BC-2026,tumor_core
PAT002_SPOT_10_10,PAT002-BC-2026,tumor_core
PAT002_SPOT_10_11,PAT002-BC-2026,tumor_core
PAT002_SPOT_10_12,PAT002-BC-2026,tumor_core
PAT002_SPOT_10_13,PAT002-BC-2026,tumor_core
PAT002_SPOT_10_14,PAT002-BC-2026,tumor_core
PAT002_SPOT_10_15,PAT002-BC-2026,tumor_core
PAT002_SPOT_10_16,PAT002-BC-2026,tumor_core
PAT002_SPOT_10_17,PAT002-BC-2026,tumor_core
PAT002_SPOT_10_18,PAT002-BC-2026,tumor_core
PAT002_SPOT_10_19,PAT002-BC-2026,tumor_core
PAT002_SPOT_10_20,PAT002-BC-2026,tumor_core
PAT002_SPOT_10_21,PAT002-BC-2026,tumor_core
PAT002_SPOT_10_22,PAT002-BC-2026,tumor_core
PAT002_SPOT_10_23,PAT002-BC-2026,tumor_core
PAT002_SPOT_10_24,PAT002-BC-2026,stroma
PAT002_SPOT_10_25,PAT002-BC-2026,immune_infiltrate
PAT002_SPOT_10_26,PAT002-BC-2026,immune_infiltrate
PAT002_SPOT_10_27,PAT002-BC-2026,stroma
PAT002_SPOT_10_28,PAT002-BC-2026,stroma
PAT002_SPOT_10_29,PAT002-BC-2026,adipose
PAT002_SPOT_11_00,PAT002-BC-2026,adipose
PAT002_SPOT_11_01,PAT002-BC-2026,adipose
PAT002_SPOT_11_02,PAT002-BC-2026,immune_infiltrate
PAT002_SPOT_11_03,PAT002-BC-2026,stroma
PAT002_SPOT_11_04,PAT002-BC-2026,stroma
PAT002_SPOT_11_05,PAT002-BC-2026,stroma
PAT002_SPOT_11_06,PAT002-BC-2026,tumor_core
PAT002_SPOT_11_07,PAT002-BC-2026,tumor_core
PAT002_SPOT_11_08,PAT002-BC-2026,tumor_core
PAT002_SPOT_11_09,PAT002-BC-2026,tumor_core
PAT002_SPOT_11_10,PAT002-BC-2026,tumor_core
PAT002_SPOT_11_11,PAT002-BC-2026,tumor_core
PAT002_SPOT_11_12,PAT002-BC-2026,tumor_core
PAT002_SPOT_11_13,PAT002-BC-2026,tumor_core
PAT002_SPOT_11_14,PAT002-BC-2026,tumor_core
PAT002_SPOT_11_15,PAT002-BC-2026,tumor_core
PAT002_SPOT_11_16,PAT002-BC-2026,tumor_core
PAT002_SPOT_11_17,PAT002-BC-2026,tumor_core
PAT002_SPOT_11_18,PAT002-BC-2026,tumor_core
PAT002_SPOT_11_19,PAT002-BC-2026,tumor_core
PAT002_SPOT_11_20,PAT002-BC-2026,tumor_core
PAT002_SPOT_11_21,PAT002-BC-2026,tumor_core
PAT002_SPOT_11_22,PAT002-BC-2026,tumor_core
PAT002_SPOT_11_23,PAT002-BC-2026,tumor_core
PAT002_SPOT_11_24,PAT002-BC-2026,tumor_core
PAT002_SPOT_11_25,PAT002-BC-2026,stroma
PAT002_SPOT_11_26,PAT002-BC-2026,stroma
PAT002_SPOT_11_27,PAT002-BC-2026,stroma
PAT002_SPOT_11_28,PAT002-BC-2026,immune_infiltrate
PAT002_SPOT_11_29,PAT002-BC-2026,adipose
PAT002_SPOT_12_00,PAT002-BC-2026,adipose
PAT002_SPOT_12_01,PAT002-BC-2026,adipose
PAT002_SPOT_12_02,PAT002-BC-2026,immune_infiltrate
PAT002_SPOT_12_03,PAT002-BC-2026,immune_infiltrate
PAT002_SPOT_12_04,PAT002-BC-2026,immune_infiltrate
PAT002_SPOT_12_05,PAT002-BC-2026,stroma
PAT002_SPOT_12_06,PAT002-BC-2026,tumor_core
PAT002_SPOT_12_07,PAT002-BC-2026,tumor_core
PAT002_SPOT_12_08,PAT002-BC-2026,tumor_core
PAT002_SPOT_12_09,PAT002-BC-2026,tumor_core
PAT002_SPOT_12_10,PAT002-BC-2026,tumor_core
PAT002_SPOT_12_11,PAT002-BC-2026,tumor_core
PAT002_SPOT_12_12,PAT002-BC-2026,tumor_core
PAT002_SPOT_12_13,PAT002-BC-2026,tumor_core
PAT002_SPOT_12_14,PAT002-BC-2026,tumor_core
PAT002_SPOT_12_15,PAT002-BC-2026,tumor_core
PAT002_SPOT_12_16,PAT002-BC-2026,tumor_core
PAT002_SPOT_12_17,PAT002-BC-2026,tumor_core
PAT002_SPOT_12_18,PAT002-BC-2026,tumor_core
PAT002_SPOT_12_19,PAT002-BC-2026,tumor_core
PAT002_SPOT_12_20,PAT002-BC-2026,tumor_core
PAT002_SPOT_12_21,PAT002-BC-2026,tumor_core
PAT002_SPOT_12_22,PAT002-BC-2026,tumor_core
PAT002_SPOT_12_23,PAT002-BC-2026,tumor_core
PAT002_SPOT_12_24,PAT002-BC-2026,tumor_core
PAT002_SPOT_12_25,PAT002-BC-2026,stroma
PAT002_SPOT_12_26,PAT002-BC-2026,stroma
PAT002_SPOT_12_27,PAT002-BC-2026,stroma
PAT002_SPOT_12_28,PAT002-BC-2026,stroma
PAT002_SPOT_12_29,PAT002-BC-2026,adipose
PAT002_SPOT_13_00,PAT002-BC-2026,adipose
PAT002_SPOT_13_01,PAT002-BC-2026,adipose
PAT002_SPOT_13_02,PAT002-BC-2026,stroma
PAT002_SPOT_13_03,PAT002-BC-2026,immune_infiltrate
PAT002_SPOT_13_04,PAT002-BC-2026,stroma
PAT002_SPOT_13_05,PAT002-BC-2026,immune_infiltrate
PAT002_SPOT_13_06,PAT002-BC-2026,tumor_core
PAT002_SPOT_13_07,PAT002-BC-2026,tumor_core
PAT002_SPOT_13_08,PAT002-BC-2026,tumor_core
PAT002_SPOT_13_09,PAT002-BC-2026,tumor_core
PAT002_SPOT_13_10,PAT002-BC-2026,tumor_core
PAT002_SPOT_13_11,PAT002-BC-2026,tumor_core
PAT002_SPOT_13_12,PAT002-BC-2026,tumor_core
PAT002_SPOT_13_13,PAT002-BC-2026,tumor_core
PAT002_SPOT_13_14,PAT002-BC-2026,tumor_core
PAT002_SPOT_13_15,PAT002-BC-2026,tumor_core
PAT002_SPOT_13_16,PAT002-BC-2026,tumor_core
PAT002_SPOT_13_17,PAT002-BC-2026,tumor_core
PAT002_SPOT_13_18,PAT002-BC-2026,tumor_core
PAT002_SPOT_13_19,PAT002-BC-2026,tumor_core
PAT002_SPOT_13_20,PAT002-BC-2026,tumor_core
PAT002_SPOT_13_21,PAT002-BC-2026,tumor_core
PAT002_SPOT_13_22,PAT002-BC-2026,tumor_core
PAT002_SPOT_13_23,PAT002-BC-2026,tumor_core
PAT002_SPOT_13_24,PAT002-BC-2026,tumor_core
PAT002_SPOT_13_25,PAT002-BC-2026,stroma
PAT002_SPOT_13_26,PAT002-BC-2026,stroma
PAT002_SPOT_13_27,PAT002-BC-2026,immune_infiltrate
PAT002_SPOT_13_28,PAT002-BC-2026,stroma
PAT002_SPOT_13_29,PAT002-BC-2026,adipose
PAT002_SPOT_14_00,PAT002-BC-2026,adipose
PAT002_SPOT_14_01,PAT002-BC-2026,adipose
PAT002_SPOT_14_02,PAT002-BC-2026,stroma
PAT002_SPOT_14_03,PAT002-BC-2026,immune_infiltrate
PAT002_SPOT_14_04,PAT002-BC-2026,stroma
PAT002_SPOT_14_05,PAT002-BC-2026,stroma
PAT002_SPOT_14_06,PAT002-BC-2026,tumor_core
PAT002_SPOT_14_07,PAT002-BC-2026,tumor_core
PAT002_SPOT_14_08,PAT002-BC-2026,tumor_core
PAT002_SPOT_14_09,PAT002-BC-2026,tumor_core
PAT002_SPOT_14_10,PAT002-BC-2026,tumor_core
PAT002_SPOT_14_11,PAT002-BC-2026,tumor_core
PAT002_SPOT_14_12,PAT002-BC-2026,tumor_core
PAT002_SPOT_14_13,PAT002-BC-2026,tumor_core
PAT002_SPOT_14_14,PAT002-BC-2026,tumor_core
PAT002_SPOT_14_15,PAT002-BC-2026,tumor_core
PAT002_SPOT_14_16,PAT002-BC-2026,tumor_core
PAT002_SPOT_14_17,PAT002-BC-2026,tumor_core
PAT002_SPOT_14_18,PAT002-BC-2026,tumor_core
PAT002_SPOT_14_19,PAT002-BC-2026,tumor_core
PAT002_SPOT_14_20,PAT002-BC-2026,tumor_core
PAT002_SPOT_14_21,PAT002-BC-2026,tumor_core
PAT002_SPOT_14_22,PAT002-BC-2026,tumor_core
PAT002_SPOT_14_23,PAT002-BC-2026,tumor_core
PAT002_SPOT_14_24,PAT002-BC-2026,tumor_core
PAT002_SPOT_14_25,PAT002-BC-2026,stroma
PAT002_SPOT_14_26,PAT002-BC-2026,immune_infiltrate
PAT002_SPOT_14_27,PAT002-BC-2026,immune_infiltrate
PAT002_SPOT_14_28,PAT002-BC-2026,stroma
PAT002_SPOT_14_29,PAT002-BC-2026,adipose
PAT002_SPOT_15_00,PAT002-BC-2026,adipose
PAT002_SPOT_15_01,PAT002-BC-2026,adipose
PAT002_SPOT_15_02,PAT002-BC-2026,stroma
PAT002_SPOT_15_03,PAT002-BC-2026,immune_infiltrate
PAT002_SPOT_15_04,PAT002-BC-2026,immune_infiltrate
PAT002_SPOT_15_05,PAT002-BC-2026,immune_infiltrate
PAT002_SPOT_15_06,PAT002-BC-2026,tumor_core
PAT002_SPOT_15_07,PAT002-BC-2026,tumor_core
PAT002_SPOT_15_08,PAT002-BC-2026,tumor_core
PAT002_SPOT_15_09,PAT002-BC-2026,tumor_core
PAT002_SPOT_15_10,PAT002-BC-2026,tumor_core
PAT002_SPOT_15_11,PAT002-BC-2026,tumor_core
PAT002_SPOT_15_12,PAT002-BC-2026,tumor_core
PAT002_SPOT_15_13,PAT002-BC-2026,tumor_core
PAT002_SPOT_15_14,PAT002-BC-2026,tumor_core
PAT002_SPOT_15_15,PAT002-BC-2026,tumor_core
PAT002_SPOT_15_16,PAT002-BC-2026,tumor_core
PAT002_SPOT_15_17,PAT002-BC-2026,tumor_core
PAT002_SPOT_15_18,PAT002-BC-2026,tumor_core
PAT002_SPOT_15_19,PAT002-BC-2026,tumor_core
PAT002_SPOT_15_20,PAT002-BC-2026,tumor_core
PAT002_SPOT_15_21,PAT002-BC-2026,tumor_core
PAT002_SPOT_15_22,PAT002-BC-2026,tumor_core
PAT002_SPOT_15_23,PAT002-BC-2026,tumor_core
PAT002_SPOT_15_24,PAT002-BC-2026,tumor_core
PAT002_SPOT_15_25,PAT002-BC-2026,stroma
PAT002_SPOT_15_26,PAT002-BC-2026,immune_infiltrate
PAT002_SPOT_15_27,PAT002-BC-2026,immune_infiltrate
PAT002_SPOT_15_28,PAT002-BC-2026,stroma
PAT002_SPOT_15_29,PAT002-BC-2026,adipose
PAT002_SPOT_16_00,PAT002-BC-2026,adipose
PAT002_SPOT_16_01,PAT002-BC-2026,adipose
PAT002_SPOT_16_02,PAT002-BC-2026,stroma
PAT002_SPOT_16_03,PAT002-BC-2026,immune_infiltrate
PAT002_SPOT_16_04,PAT002-BC-2026,immune_infiltrate
PAT002_SPOT_16_05,PAT002-BC-2026,immune_infiltrate
PAT002_SPOT_16_06,PAT002-BC-2026,tumor_core
PAT002_SPOT_16_07,PAT002-BC-2026,tumor_core
PAT002_SPOT_16_08,PAT002-BC-2026,tumor_core
PAT002_SPOT_16_09,PAT002-BC-2026,tumor_core
PAT002_SPOT_16_10,PAT002-BC-2026,tumor_core
PAT002_SPOT_16_11,PAT002-BC-2026,tumor_core
PAT002_SPOT_16_12,PAT002-BC-2026,tumor_core
PAT002_SPOT_16_13,PAT002-BC-2026,tumor_core
PAT002_SPOT_16_14,PAT002-BC-2026,tumor_core
PAT002_SPOT_16_15,PAT002-BC-2026,tumor_core
PAT002_SPOT_16_16,PAT002-BC-2026,tumor_core
PAT002_SPOT_16_17,PAT002-BC-2026,tumor_core
PAT002_SPOT_16_18,PAT002-BC-2026,tumor_core
PAT002_SPOT_16_19,PAT002-BC-2026,tumor_core
PAT002_SPOT_16_20,PAT002-BC-2026,tumor_core
PAT002_SPOT_16_21,PAT002-BC-2026,tumor_core
PAT002_SPOT_16_22,PAT002-BC-2026,tumor_core
PAT002_SPOT_16_23,PAT002-BC-2026,tumor_core
PAT002_SPOT_16_24,PAT002-BC-2026,tumor_core
PAT002_SPOT_16_25,PAT002-BC-2026,stroma
PAT002_SPOT_16_26,PAT002-BC-2026,immune_infiltrate
PAT002_SPOT_16_27,PAT002-BC-2026,stroma
PAT002_SPOT_16_28,PAT002-BC-2026,stroma
PAT002_SPOT_16_29,PAT002-BC-2026,adipose
PAT002_SPOT_17_00,PAT002-BC-2026,adipose
PAT002_SPOT_17_01,PAT002-BC-2026,adipose
PAT002_SPOT_17_02,PAT002-BC-2026,stroma
PAT002_SPOT_17_03,PAT002-BC-2026,immune_infiltrate
PAT002_SPOT_17_04,PAT002-BC-2026,immune_infiltrate
PAT002_SPOT_17_05,PAT002-BC-2026,stroma
PAT002_SPOT_17_06,PAT002-BC-2026,tumor_core
PAT002_SPOT_17_07,PAT002-BC-2026,tumor_core
PAT002_SPOT_17_08,PAT002-BC-2026,tumor_core
PAT002_SPOT_17_09,PAT002-BC-2026,tumor_core
PAT002_SPOT_17_10,PAT002-BC-2026,tumor_core
PAT002_SPOT_17_11,PAT002-BC-2026,tumor_core
PAT002_SPOT_17_12,PAT002-BC-2026,tumor_core
PAT002_SPOT_17_13,PAT002-BC-2026,tumor_core
PAT002_SPOT_17_14,PAT002-BC-2026,tumor_core
PAT002_SPOT_17_15,PAT002-BC-2026,tumor_core
PAT002_SPOT_17_16,PAT002-BC-2026,tumor_core
PAT002_SPOT_17_17,PAT002-BC-2026,tumor_core
PAT002_SPOT_17_18,PAT002-BC-2026,tumor_core
PAT002_SPOT_17_19,PAT002-BC-2026,tumor_core
PAT002_SPOT_17_20,PAT002-BC-2026,tumor_core
PAT002_SPOT_17_21,PAT002-BC-2026,tumor_core
PAT002_SPOT_17_22,PAT002-BC-2026,tumor_core
PAT002_SPOT_17_23,PAT002-BC-2026,tumor_core
PAT002_SPOT_17_24,PAT002-BC-2026,tumor_core
PAT002_SPOT_17_25,PAT002-BC-2026,stroma
PAT002_SPOT_17_26,PAT002-BC-2026,stroma
PAT002_SPOT_17_27,PAT002-BC-2026,stroma
PAT002_SPOT_17_28,PAT002-BC-2026,stroma
PAT002_SPOT_17_29,PAT002-BC-2026,adipose
PAT002_SPOT_18_00,PAT002-BC-2026,adipose
PAT002_SPOT_18_01,PAT002-BC-2026,adipose
PAT002_SPOT_18_02,PAT002-BC-2026,stroma
PAT002_SPOT_18_03,PAT002-BC-2026,immune_infiltrate
PAT002_SPOT_18_04,PAT002-BC-2026,immune_infiltrate
PAT002_SPOT_18_05,PAT002-BC-2026,stroma
PAT002_SPOT_18_06,PAT002-BC-2026,tumor_core
PAT002_SPOT_18_07,PAT002-BC-2026,tumor_core
PAT002_SPOT_18_08,PAT002-BC-2026,tumor_core
PAT002_SPOT_18_09,PAT002-BC-2026,tumor_core
PAT002_SPOT_18_10,PAT002-BC-2026,tumor_core
PAT002_SPOT_18_11,PAT002-BC-2026,tumor_core
PAT002_SPOT_18_12,PAT002-BC-2026,tumor_core
PAT002_SPOT_18_13,PAT002-BC-2026,tumor_core
PAT002_SPOT_18_14,PAT002-BC-2026,tumor_core
PAT002_SPOT_18_15,PAT002-BC-2026,tumor_core
PAT002_SPOT_18_16,PAT002-BC-2026,tumor_core
PAT002_SPOT_18_17,PAT002-BC-2026,tumor_core
PAT002_SPOT_18_18,PAT002-BC-2026,tumor_core
PAT002_SPOT_18_19,PAT002-BC-2026,tumor_core
PAT002_SPOT_18_20,PAT002-BC-2026,tumor_core
PAT002_SPOT_18_21,PAT002-BC-2026,tumor_core
PAT002_SPOT_18_22,PAT002-BC-2026,tumor_core
PAT002_SPOT_18_23,PAT002-BC-2026,tumor_core
PAT002_SPOT_18_24,PAT002-BC-2026,tumor_core
PAT002_SPOT_18_25,PAT002-BC-2026,stroma
PAT002_SPOT_18_26,PAT002-BC-2026,stroma
PAT002_SPOT_18_27,PAT002-BC-2026,immune_infiltrate
PAT002_SPOT_18_28,PAT002-BC-2026,immune_infiltrate
PAT002_SPOT_18_29,PAT002-BC-2026,adipose
PAT002_SPOT_19_00,PAT002-BC-2026,adipose
PAT002_SPOT_19_01,PAT002-BC-2026,adipose
PAT002_SPOT_19_02,PAT002-BC-2026,immune_infiltrate
PAT002_SPOT_19_03,PAT002-BC-2026,stroma
PAT002_SPOT_19_04,PAT002-BC-2026,stroma
PAT002_SPOT_19_05,PAT002-BC-2026,stroma
PAT002_SPOT_19_06,PAT002-BC-2026,tumor_core
PAT002_SPOT_19_07,PAT002-BC-2026,tumor_core
PAT002_SPOT_19_08,PAT002-BC-2026,tumor_core
PAT002_SPOT_19_09,PAT002-BC-2026,tumor_core
PAT002_SPOT_19_10,PAT002-BC-2026,tumor_core
PAT002_SPOT_19_11,PAT002-BC-2026,tumor_core
PAT002_SPOT_19_12,PAT002-BC-2026,tumor_core
PAT002_SPOT_19_13,PAT002-BC-2026,tumor_core
PAT002_SPOT_19_14,PAT002-BC-2026,tumor_core
PAT002_SPOT_19_15,PAT002-BC-2026,tumor_core
PAT002_SPOT_19_16,PAT002-BC-2026,tumor_core
PAT002_SPOT_19_17,PAT002-BC-2026,tumor_core
PAT002_SPOT_19_18,PAT002-BC-2026,tumor_core
PAT002_SPOT_19_19,PAT002-BC-2026,tumor_core
PAT002_SPOT_19_20,PAT002-BC-2026,tumor_core
PAT002_SPOT_19_21,PAT002-BC-2026,tumor_core
PAT002_SPOT_19_22,PAT002-BC-2026,tumor_core
PAT002_SPOT_19_23,PAT002-BC-2026,tumor_core
PAT002_SPOT_19_24,PAT002-BC-2026,tumor_core
PAT002_SPOT_19_25,PAT002-BC-2026,immune_infiltrate
PAT002_SPOT_19_26,PAT002-BC-2026,stroma
PAT002_SPOT_19_27,PAT002-BC-2026,immune_infiltrate
PAT002_SPOT_19_28,PAT002-BC-2026,immune_infiltrate
PAT002_SPOT_19_29,PAT002-BC-2026,adipose
PAT002_SPOT_20_00,PAT002-BC-2026,adipose
PAT002_SPOT_20_01,PAT002-BC-2026,adipose
PAT002_SPOT_20_02,PAT002-BC-2026,immune_infiltrate
PAT002_SPOT_20_03,PAT002-BC-2026,stroma
PAT002_SPOT_20_04,PAT002-BC-2026,stroma
PAT002_SPOT_20_05,PAT002-BC-2026,stroma
PAT002_SPOT_20_06,PAT002-BC-2026,stroma
PAT002_SPOT_20_07,PAT002-BC-2026,tumor_core
PAT002_SPOT_20_08,PAT002-BC-2026,tumor_core
PAT002_SPOT_20_09,PAT002-BC-2026,tumor_core
PAT002_SPOT_20_10,PAT002-BC-2026,tumor_core
PAT002_SPOT_20_11,PAT002-BC-2026,tumor_core
PAT002_SPOT_20_12,PAT002-BC-2026,tumor_core
PAT002_SPOT_20_13,PAT002-BC-2026,tumor_core
PAT002_SPOT_20_14,PAT002-BC-2026,tumor_core
PAT002_SPOT_20_15,PAT002-BC-2026,tumor_core
PAT002_SPOT_20_16,PAT002-BC-2026,tumor_core
PAT002_SPOT_20_17,PAT002-BC-2026,tumor_core
PAT002_SPOT_20_18,PAT002-BC-2026,tumor_core
PAT002_SPOT_20_19,PAT002-BC-2026,tumor_core
PAT002_SPOT_20_20,PAT002-BC-2026,tumor_core
PAT002_SPOT_20_21,PAT002-BC-2026,tumor_core
PAT002_SPOT_20_22,PAT002-BC-2026,tumor_core
PAT002_SPOT_20_23,PAT002-BC-2026,tumor_core
PAT002_SPOT_20_24,PAT002-BC-2026,stroma
PAT002_SPOT_20_25,PAT002-BC-2026,immune_infiltrate
PAT002_SPOT_20_26,PAT002-BC-2026,stroma
PAT002_SPOT_20_27,PAT002-BC-2026,stroma
PAT002_SPOT_20_28,PAT002-BC-2026,stroma
PAT002_SPOT_20_29,PAT002-BC-2026,adipose
PAT002_SPOT_21_00,PAT002-BC-2026,adipose
PAT002_SPOT_21_01,PAT002-BC-2026,adipose
PAT002_SPOT_21_02,PAT002-BC-2026,adipose
PAT002_SPOT_21_03,PAT002-BC-2026,stroma
PAT002_SPOT_21_04,PAT002-BC-2026,immune_infiltrate
PAT002_SPOT_21_05,PAT002-BC-2026,immune_infiltrate
PAT002_SPOT_21_06,PAT002-BC-2026,immune_infiltrate
PAT002_SPOT_21_07,PAT002-BC-2026,stroma
PAT002_SPOT_21_08,PAT002-BC-2026,tumor_core
PAT002_SPOT_21_09,PAT002-BC-2026,tumor_core
PAT002_SPOT_21_10,PAT002-BC-2026,tumor_core
PAT002_SPOT_21_11,PAT002-BC-2026,tumor_core
PAT002_SPOT_21_12,PAT002-BC-2026,tumor_core
PAT002_SPOT_21_13,PAT002-BC-2026,tumor_core
PAT002_SPOT_21_14,PAT002-BC-2026,tumor_core
PAT002_SPOT_21_15,PAT002-BC-2026,tumor_core
PAT002_SPOT_21_16,PAT002-BC-2026,tumor_core
PAT002_SPOT_21_17,PAT002-BC-2026,tumor_core
PAT002_SPOT_21_18,PAT002-BC-2026,tumor_core
PAT002_SPOT_21_19,PAT002-BC-2026,tumor_core
PAT002_SPOT_21_20,PAT002-BC-2026,tumor_core
PAT002_SPOT_21_21,PAT002-BC-2026,tumor_core
PAT002_SPOT_21_22,PAT002-BC-2026,tumor_core
PAT002_SPOT_21_23,PAT002-BC-2026,immune_infiltrate
PAT002_SPOT_21_24,PAT002-BC-2026,immune_infiltrate
PAT002_SPOT_21_25,PAT002-BC-2026,stroma
PAT002_SPOT_21_26,PAT002-BC-2026,stroma
PAT002_SPOT_21_27,PAT002-BC-2026,immune_infiltrate
PAT002_SPOT_21_28,PAT002-BC-2026,adipose
PAT002_SPOT_21_29,PAT002-BC-2026,adipose
PAT002_SPOT_22_00,PAT002-BC-2026,adipose
PAT002_SPOT_22_01,PAT002-BC-2026,adipose
PAT002_SPOT_22_02,PAT002-BC-2026,adipose
PAT002_SPOT_22_03,PAT002-BC-2026,immune_infiltrate
PAT002_SPOT_22_04,PAT002-BC-2026,stroma
PAT002_SPOT_22_05,PAT002-BC-2026,immune_infiltrate
PAT002_SPOT_22_06,PAT002-BC-2026,immune_infiltrate
PAT002_SPOT_22_07,PAT002-BC-2026,stroma
PAT002_SPOT_22_08,PAT002-BC-2026,tumor_core
PAT002_SPOT_22_09,PAT002-BC-2026,tumor_core
PAT002_SPOT_22_10,PAT002-BC-2026,tumor_core
PAT002_SPOT_22_11,PAT002-BC-2026,tumor_core
PAT002_SPOT_22_12,PAT002-BC-2026,tumor_core
PAT002_SPOT_22_13,PAT002-BC-2026,tumor_core
PAT002_SPOT_22_14,PAT002-BC-2026,tumor_core
PAT002_SPOT_22_15,PAT002-BC-2026,tumor_core
PAT002_SPOT_22_16,PAT002-BC-2026,tumor_core
PAT002_SPOT_22_17,PAT002-BC-2026,tumor_core
PAT002_SPOT_22_18,PAT002-BC-2026,tumor_core
PAT002_SPOT_22_19,PAT002-BC-2026,tumor_core
PAT002_SPOT_22_20,PAT002-BC-2026,tumor_core
PAT002_SPOT_22_21,PAT002-BC-2026,tumor_core
PAT002_SPOT_22_22,PAT002-BC-2026,tumor_core
PAT002_SPOT_22_23,PAT002-BC-2026,stroma
PAT002_SPOT_22_24,PAT002-BC-2026,stroma
PAT002_SPOT_22_25,PAT002-BC-2026,stroma
PAT002_SPOT_22_26,PAT002-BC-2026,stroma
PAT002_SPOT_22_27,PAT002-BC-2026,stroma
PAT002_SPOT_22_28,PAT002-BC-2026,adipose
PAT002_SPOT_22_29,PAT002-BC-2026,adipose
PAT002_SPOT_23_00,PAT002-BC-2026,adipose
PAT002_SPOT_23_01,PAT002-BC-2026,adipose
PAT002_SPOT_23_02,PAT002-BC-2026,adipose
PAT002_SPOT_23_03,PAT002-BC-2026,adipose
PAT002_SPOT_23_04,PAT002-BC-2026,stroma
PAT002_SPOT_23_05,PAT002-BC-2026,stroma
PAT002_SPOT_23_06,PAT002-BC-2026,stroma
PAT002_SPOT_23_07,PAT002-BC-2026,stroma
PAT002_SPOT_23_08,PAT002-BC-2026,immune_infiltrate
PAT002_SPOT_23_09,PAT002-BC-2026,stroma
PAT002_SPOT_23_10,PAT002-BC-2026,tumor_core
PAT002_SPOT_23_11,PAT002-BC-2026,tumor_core
PAT002_SPOT_23_12,PAT002-BC-2026,tumor_core
PAT002_SPOT_23_13,PAT002-BC-2026,tumor_core
PAT002_SPOT_23_14,PAT002-BC-2026,tumor_core
PAT002_SPOT_23_15,PAT002-BC-2026,tumor_core
PAT002_SPOT_23_16,PAT002-BC-2026,tumor_core
PAT002_SPOT_23_17,PAT002-BC-2026,tumor_core
PAT002_SPOT_23_18,PAT002-BC-2026,tumor_core
PAT002_SPOT_23_19,PAT002-BC-2026,tumor_core
PAT002_SPOT_23_20,PAT002-BC-2026,tumor_core
PAT002_SPOT_23_21,PAT002-BC-2026,immune_infiltrate
PAT002_SPOT_23_22,PAT002-BC-2026,stroma
PAT002_SPOT_23_23,PAT002-BC-2026,stroma
PAT002_SPOT_23_24,PAT002-BC-2026,immune_infiltrate
PAT002_SPOT_23_25,PAT002-BC-2026,immune_infiltrate
PAT002_SPOT_23_26,PAT002-BC-2026,immune_infiltrate
PAT002_SPOT_23_27,PAT002-BC-2026,adipose
PAT002_SPOT_23_28,PAT002-BC-2026,adipose
PAT002_SPOT_23_29,PAT002-BC-2026,adipose
PAT002_SPOT_24_00,PAT002-BC-2026,adipose
PAT002_SPOT_24_01,PAT002-BC-2026,adipose
PAT002_SPOT_24_02,PAT002-BC-2026,adipose
PAT002_SPOT_24_03,PAT002-BC-2026,adipose
PAT002_SPOT_24_04,PAT002-BC-2026,adipose
PAT002_SPOT_24_05,PAT002-BC-2026,immune_infiltrate
PAT002_SPOT_24_06,PAT002-BC-2026,stroma
PAT002_SPOT_24_07,PAT002-BC-2026,stroma
PAT002_SPOT_24_08,PAT002-BC-2026,stroma
PAT002_SPOT_24_09,PAT002-BC-2026,stroma
PAT002_SPOT_24_10,PAT002-BC-2026,immune_infiltrate
PAT002_SPOT_24_11,PAT002-BC-2026,tumor_core
PAT002_SPOT_24_12,PAT002-BC-2026,tumor_core
PAT002_SPOT_24_13,PAT002-BC-2026,tumor_core
PAT002_SPOT_24_14,PAT002-BC-2026,tumor_core
PAT002_SPOT_24_15,PAT002-BC-2026,tumor_core
PAT002_SPOT_24_16,PAT002-BC-2026,tumor_core
PAT002_SPOT_24_17,PAT002-BC-2026,tumor_core
PAT002_SPOT_24_18,PAT002-BC-2026,tumor_core
PAT002_SPOT_24_19,PAT002-BC-2026,tumor_core
PAT002_SPOT_24_20,PAT002-BC-2026,immune_infiltrate
PAT002_SPOT_24_21,PAT002-BC-2026,stroma
PAT002_SPOT_24_22,PAT002-BC-2026,immune_infiltrate
PAT002_SPOT_24_23,PAT002-BC-2026,stroma
PAT002_SPOT_24_24,PAT002-BC-2026,stroma
PAT002_SPOT_24_25,PAT002-BC-2026,stroma
PAT002_SPOT_24_26,PAT002-BC-2026,adipose
PAT002_SPOT_24_27,PAT002-BC-2026,adipose
PAT002_SPOT_24_28,PAT002-BC-2026,adipose
PAT002_SPOT_24_29,PAT002-BC-2026,adipose
PAT002_SPOT_25_00,PAT002-BC-2026,adipose
PAT002_SPOT_25_01,PAT002-BC-2026,adipose
PAT002_SPOT_25_02,PAT002-BC-2026,adipose
PAT002_SPOT_25_03,PAT002-BC-2026,adipose
PAT002_SPOT_25_04,PAT002-BC-2026,adipose
PAT002_SPOT_25_05,PAT002-BC-2026,normal_epithelium
PAT002_SPOT_25_06,PAT002-BC-2026,stroma
PAT002_SPOT_25_07,PAT002-BC-2026,immune_infiltrate
PAT002_SPOT_25_08,PAT002-BC-2026,immune_infiltrate
PAT002_SPOT_25_09,PAT002-BC-2026,stroma
PAT002_SPOT_25_10,PAT002-BC-2026,stroma
PAT002_SPOT_25_11,PAT002-BC-2026,stroma
PAT002_SPOT_25_12,PAT002-BC-2026,immune_infiltrate
PAT002_SPOT_25_13,PAT002-BC-2026,stroma
PAT002_SPOT_25_14,PAT002-BC-2026,immune_infiltrate
PAT002_SPOT_25_15,PAT002-BC-2026,stroma
PAT002_SPOT_25_16,PAT002-BC-2026,stroma
PAT002_SPOT_25_17,PAT002-BC-2026,stroma
PAT002_SPOT_25_18,PAT002-BC-2026,stroma
PAT002_SPOT_25_19,PAT002-BC-2026,immune_infiltrate
PAT002_SPOT_25_20,PAT002-BC-2026,immune_infiltrate
PAT002_SPOT_25_21,PAT002-BC-2026,immune_infiltrate
PAT002_SPOT_25_22,PAT002-BC-2026,immune_infiltrate
PAT002_SPOT_25_23,PAT002-BC-2026,immune_infiltrate
PAT002_SPOT_25_24,PAT002-BC-2026,stroma
PAT002_SPOT_25_25,PAT002-BC-2026,normal_epithelium
PAT002_SPOT_25_26,PAT002-BC-2026,adipose
PAT002_SPOT_25_27,PAT002-BC-2026,adipose
PAT002_SPOT_25_28,PAT002-BC-2026,adipose
PAT002_SPOT_25_29,PAT002-BC-2026,adipose
PAT002_SPOT_26_00,PAT002-BC-2026,adipose
PAT002_SPOT_26_01,PAT002-BC-2026,adipose
PAT002_SPOT_26_02,PAT002-BC-2026,adipose
PAT002_SPOT_26_03,PAT002-BC-2026,adipose
PAT002_SPOT_26_04,PAT002-BC-2026,adipose
PAT002_SPOT_26_05,PAT002-BC-2026,adipose
PAT002_SPOT_26_06,PAT002-BC-2026,adipose
PAT002_SPOT_26_07,PAT002-BC-2026,immune_infiltrate
PAT002_SPOT_26_08,PAT002-BC-2026,immune_infiltrate
PAT002_SPOT_26_09,PAT002-BC-2026,immune_infiltrate
PAT002_SPOT_26_10,PAT002-BC-2026,stroma
PAT002_SPOT_26_11,PAT002-BC-2026,stroma
PAT002_SPOT_26_12,PAT002-BC-2026,stroma
PAT002_SPOT_26_13,PAT002-BC-2026,stroma
PAT002_SPOT_26_14,PAT002-BC-2026,stroma
PAT002_SPOT_26_15,PAT002-BC-2026,immune_infiltrate
PAT002_SPOT_26_16,PAT002-BC-2026,stroma
PAT002_SPOT_26_17,PAT002-BC-2026,stroma
PAT002_SPOT_26_18,PAT002-BC-2026,stroma
PAT002_SPOT_26_19,PAT002-BC-2026,stroma
PAT002_SPOT_26_20,PAT002-BC-2026,stroma
PAT002_SPOT_26_21,PAT002-BC-2026,immune_infiltrate
PAT002_SPOT_26_22,PAT002-BC-2026,stroma
PAT002_SPOT_26_23,PAT002-BC-2026,immune_infiltrate
PAT002_SPOT_26_24,PAT002-BC-2026,adipose
PAT002_SPOT_26_25,PAT002-BC-2026,adipose
PAT002_SPOT_26_26,PAT002-BC-2026,adipose
PAT002_SPOT_26_27,PAT002-BC-2026,adipose
PAT002_SPOT_26_28,PAT002-BC-2026,adipose
PAT002_SPOT_26_29,PAT002-BC-2026,adipose
PAT002_SPOT_27_00,PAT002-BC-2026,adipose
PAT002_SPOT_27_01,PAT002-BC-2026,adipose
PAT002_SPOT_27_02,PAT002-BC-2026,adipose
PAT002_SPOT_27_03,PAT002-BC-2026,adipose
PAT002_SPOT_27_04,PAT002-BC-2026,adipose
PAT002_SPOT_27_05,PAT002-BC-2026,adipose
PAT002_SPOT_27_06,PAT002-BC-2026,adipose
PAT002_SPOT_27_07,PAT002-BC-2026,adipose
PAT002_SPOT_27_08,PAT002-BC-2026,stroma
PAT002_SPOT_27_09,PAT002-BC-2026,stroma
PAT002_SPOT_27_10,PAT002-BC-2026,stroma
PAT002_SPOT_27_11,PAT002-BC-2026,stroma
PAT002_SPOT_27_12,PAT002-BC-2026,stroma
PAT002_SPOT_27_13,PAT002-BC-2026,stroma
PAT002_SPOT_27_14,PAT002-BC-2026,stroma
PAT002_SPOT_27_15,PAT002-BC-2026,immune_infiltrate
PAT002_SPOT_27_16,PAT002-BC-2026,stroma
PAT002_SPOT_27_17,PAT002-BC-2026,immune_infiltrate
PAT002_SPOT_27_18,PAT002-BC-2026,immune_infiltrate
PAT002_SPOT_27_19,PAT002-BC-2026,stroma
PAT002_SPOT_27_20,PAT002-BC-2026,stroma
PAT002_SPOT_27_21,PAT002-BC-2026,stroma
PAT002_SPOT_27_22,PAT002-BC-2026,stroma
PAT002_SPOT_27_23,PAT002-BC-2026,adipose
PAT002_SPOT_27_24,PAT002-BC-2026,adipose
PAT002_SPOT_27_25,PAT002-BC-2026,adipose
PAT002_SPOT_27_26,PAT002-BC-2026,adipose
PAT002_SPOT_27_27,PAT002-BC-2026,adipose
PAT002_SPOT_27_28,PAT002-BC-2026,adipose
PAT002_SPOT_27_29,PAT002-BC-2026,adipose
PAT002_SPOT_28_00,PAT002-BC-2026,adipose
PAT002_SPOT_28_01,PAT002-BC-2026,adipose
PAT002_SPOT_28_02,PAT002-BC-2026,adipose
PAT002_SPOT_28_03,PAT002-BC-2026,adipose
PAT002_SPOT_28_04,PAT002-BC-2026,adipose
PAT002_SPOT_28_05,PAT002-BC-2026,adipose
PAT002_SPOT_28_06,PAT002-BC-2026,adipose
PAT002_SPOT_28_07,PAT002-BC-2026,adipose
PAT002_SPOT_28_08,PAT002-BC-2026,adipose
PAT002_SPOT_28_09,PAT002-BC-2026,adipose
PAT002_SPOT_28_10,PAT002-BC-2026,immune_infiltrate
PAT002_SPOT_28_11,PAT002-BC-2026,stroma
PAT002_SPOT_28_12,PAT002-BC-2026,stroma
PAT002_SPOT_28_13,PAT002-BC-2026,immune_infiltrate
PAT002_SPOT_28_14,PAT002-BC-2026,stroma
PAT002_SPOT_28_15,PAT002-BC-2026,stroma
PAT002_SPOT_28_16,PAT002-BC-2026,stroma
PAT002_SPOT_28_17,PAT002-BC-2026,immune_infiltrate
PAT002_SPOT_28_18,PAT002-BC-2026,stroma
PAT002_SPOT_28_19,PAT002-BC-2026,immune_infiltrate
PAT002_SPOT_28_20,PAT002-BC-2026,immune_infiltrate
PAT002_SPOT_28_21,PAT002-BC-2026,adipose
PAT002_SPOT_28_22,PAT002-BC-2026,adipose
PAT002_SPOT_28_23,PAT002-BC-2026,adipose
PAT002_SPOT_28_24,PAT002-BC-2026,adipose
PAT002_SPOT_28_25,PAT002-BC-2026,adipose
PAT002_SPOT_28_26,PAT002-BC-2026,adipose
PAT002_SPOT_28_27,PAT002-BC-2026,adipose
PAT002_SPOT_28_28,PAT002-BC-2026,adipose
PAT002_SPOT_28_29,PAT002-BC-2026,adipose
PAT002_SPOT_29_00,PAT002-BC-2026,adipose
PAT002_SPOT_29_01,PAT002-BC-2026,adipose
PAT002_SPOT_29_02,PAT002-BC-2026,adipose
PAT002_SPOT_29_03,PAT002-BC-2026,adipose
PAT002_SPOT_29_04,PAT002-BC-2026,adipose
PAT002_SPOT_29_05,PAT002-BC-2026,adipose
PAT002_SPOT_29_06,PAT002-BC-2026,adipose
PAT002_SPOT_29_07,PAT002-BC-2026,adipose
PAT002_SPOT_29_08,PAT002-BC-2026,adipose
PAT002_SPOT_29_09,PAT002-BC-2026,adipose
PAT002_SPOT_29_10,PAT002-BC-2026,adipose
PAT002_SPOT_29_11,PAT002-BC-2026,adipose
PAT002_SPOT_29_12,PAT002-BC-2026,adipose
PAT002_SPOT_29_13,PAT002-BC-2026,adipose
PAT002_SPOT_29_14,PAT002-BC-2026,adipose
PAT002_SPOT_29_15,PAT002-BC-2026,adipose
PAT002_SPOT_29_16,PAT002-BC-2026,adipose
PAT002_SPOT_29_17,PAT002-BC-2026,adipose
PAT002_SPOT_29_18,PAT002-BC-2026,adipose
PAT002_SPOT_29_19,PAT002-BC-2026,adipose
PAT002_SPOT_29_20,PAT002-BC-2026,adipose
PAT002_SPOT_29_21,PAT002-BC-2026,adipose
PAT002_SPOT_29_22,PAT002-BC-2026,adipose
PAT002_SPOT_29_23,PAT002-BC-2026,adipose
PAT002_SPOT_29_24,PAT002-BC-2026,adipose
PAT002_SPOT_29_25,PAT002-BC-2026,adipose
PAT002_SPOT_29_26,PAT002-BC-2026,adipose
PAT002_SPOT_29_27,PAT002-BC-2026,adipose
PAT002_SPOT_29_28,PAT002-BC-2026,adipose
PAT002_SPOT_29_29,PAT002-BC-2026,adipose
